zpid,price,priceLabel,beds,baths,area,lotAreaString,statusType,statusText,isFavorite,isUserClaimingOwner,isUserConfirmedClaim,imgSrc,hasImage,visited,listingType,shouldShowZestimateAsPrice,detailUrl,pgapt,sgapt,has3DModel,hasVideo,isHomeRec,address,hasAdditionalAttributions,isFeaturedListing,isShowcaseListing,availabilityDate,latLong.latitude,latLong.longitude,variableData.type,variableData.text,hdpData.homeInfo.zpid,hdpData.homeInfo.streetAddress,hdpData.homeInfo.zipcode,hdpData.homeInfo.city,hdpData.homeInfo.state,hdpData.homeInfo.latitude,hdpData.homeInfo.longitude,hdpData.homeInfo.price,hdpData.homeInfo.dateSold,hdpData.homeInfo.bathrooms,hdpData.homeInfo.bedrooms,hdpData.homeInfo.livingArea,hdpData.homeInfo.homeType,hdpData.homeInfo.homeStatus,hdpData.homeInfo.daysOnZillow,hdpData.homeInfo.isFeatured,hdpData.homeInfo.shouldHighlight,hdpData.homeInfo.rentZestimate,hdpData.homeInfo.isUnmappable,hdpData.homeInfo.isPreforeclosureAuction,hdpData.homeInfo.homeStatusForHDP,hdpData.homeInfo.priceForHDP,hdpData.homeInfo.isNonOwnerOccupied,hdpData.homeInfo.isPremierBuilder,hdpData.homeInfo.isZillowOwned,hdpData.homeInfo.currency,hdpData.homeInfo.country,hdpData.homeInfo.taxAssessedValue,hdpData.homeInfo.lotAreaValue,hdpData.homeInfo.lotAreaUnit,hdpData.homeInfo.isShowcaseListing,streetViewMetadataURL,streetViewURL,hdpData.homeInfo.zestimate,buildingId,lotId,minBeds,minBaths,minArea,unitCount,isBuilding,badgeInfo,canSaveBuilding,timeOnZillow,hdpData.homeInfo.listing_sub_type.is_FSBA,LOT_ACREAGE
11242785,55000.0,$55K,3.0,0.0,2181.0,1.84 acres,SOLD,Sold,False,False,False,https://photos.zillowstatic.com/fp/7643aabda100634c5b4546c892e10189-p_e.jpg,True,False,,False,/homedetails/110-Crystal-Springs-Dr-Lexington-SC-29073/11242785_zpid/,RecentlySold,Unknown Listed By,False,False,False,"110 Crystal Springs Dr, Lexington, SC 29073",False,False,False,,33.845318,-81.21563,RECENTLY_SOLD,Sold 07/06/2023,11242785.0,110 Crystal Springs Dr,29073,Lexington,SC,33.845318,-81.21563,55000.0,1688626800000.0,0.0,3.0,2181.0,LOT,RECENTLY_SOLD,-1.0,False,False,1895.0,False,False,RECENTLY_SOLD,55000.0,True,False,False,USD,USA,30000.0,1.8399908172635446,acres,False,,,,,,,,,,,,,,,1.84
248605170,75000.0,$75K,,0.0,,1 acres,SOLD,Sold,False,False,False,https://photos.zillowstatic.com/fp/c843f3dbc9fe14b21ec3d5a63bfe5dcf-p_e.jpg,True,False,,False,/homedetails/481-Peachland-Dr-Gilbert-SC-29054/248605170_zpid/,RecentlySold,Unknown Listed By,False,False,False,"481 Peachland Dr, Gilbert, SC 29054",False,False,False,,34.006706,-81.38046,RECENTLY_SOLD,Sold 06/09/2023,248605170.0,481 Peachland Dr,29054,Gilbert,SC,34.006706,-81.38046,75000.0,1686294000000.0,0.0,,,LOT,RECENTLY_SOLD,-1.0,False,False,1943.0,False,False,RECENTLY_SOLD,75000.0,True,False,False,USD,USA,22500.0,1.0,acres,False,,,,,,,,,,,,,,,1.0
11242366,268000.0,$268K,0.0,0.0,1614.0,4.35 acres,SOLD,Sold,False,False,False,"https://maps.googleapis.com/maps/api/staticmap?mobile=false&sensor=true&maptype=satellite&size=575x242&zoom=17&center=33.84261703491211,-81.27481842041016&key=AIzaSyBJsNQO5ZeG-XAbqqWLKwG08fWITSxg33w&signature=oNfRQ5dXImnusPEUnUMxdzGDcb0=",,False,,False,/homedetails/933-Founders-Rd-Lexington-SC-29073/11242366_zpid/,RecentlySold,Unknown Listed By,False,False,False,"933 Founders Rd, Lexington, SC 29073",False,False,False,,33.842617,-81.27482,RECENTLY_SOLD,Sold 06/02/2023,11242366.0,933 Founders Rd,29073,Lexington,SC,33.842617,-81.27482,268000.0,1685689200000.0,0.0,0.0,1614.0,LOT,RECENTLY_SOLD,-1.0,False,False,1710.0,False,False,RECENTLY_SOLD,268000.0,True,False,False,USD,USA,146646.0,4.35,acres,False,"https://maps.googleapis.com/maps/api/streetview/metadata?location=33.84261703491211,-81.27481842041016&key=AIzaSyBJsNQO5ZeG-XAbqqWLKwG08fWITSxg33w&signature=zUNGBDEBPk_0FdZQpoPN3GjlhwY=","https://maps.googleapis.com/maps/api/streetview?size=575x242&location=33.84261703491211,-81.27481842041016&key=AIzaSyBJsNQO5ZeG-XAbqqWLKwG08fWITSxg33w&signature=IuyHVmCn7DRBIIGM5SS8yCpA3IY=",270700.0,,,,,,,,,,,,4.35
144697813,399000.0,$399K,,,,1.89 acres,SOLD,Sold,False,False,False,"https://maps.googleapis.com/maps/api/staticmap?mobile=false&sensor=true&maptype=satellite&size=575x242&zoom=17&center=34.05548095703125,-81.35678100585938&key=AIzaSyBJsNQO5ZeG-XAbqqWLKwG08fWITSxg33w&signature=IAiAtxEbqQDj4YrlJOvB84eKWI0=",,False,,False,/homedetails/3-Williams-Dr-Gilbert-SC-29054/144697813_zpid/,RecentlySold,Unknown Listed By,False,False,False,"3 Williams Dr, Gilbert, SC 29054",False,False,False,,34.05548,-81.35678,RECENTLY_SOLD,Sold 05/15/2023,144697813.0,3 Williams Dr,29054,Gilbert,SC,34.05548,-81.35678,399000.0,1684134000000.0,,,,LOT,RECENTLY_SOLD,-1.0,False,False,2100.0,False,False,RECENTLY_SOLD,399000.0,True,False,False,USD,USA,227000.0,1.8899908172635445,acres,False,"https://maps.googleapis.com/maps/api/streetview/metadata?location=34.05548095703125,-81.35678100585938&key=AIzaSyBJsNQO5ZeG-XAbqqWLKwG08fWITSxg33w&signature=NGV08ZII9HA6FHlNLa98pDDRqP4=","https://maps.googleapis.com/maps/api/streetview?size=575x242&location=34.05548095703125,-81.35678100585938&key=AIzaSyBJsNQO5ZeG-XAbqqWLKwG08fWITSxg33w&signature=axgTaijOe0WUZ_ODWOgv6Rf7rZ8=",,,,,,,,,,,,,1.89
111159109,11500.0,$12K,0.0,0.0,,1.32 acres,SOLD,Sold,False,False,False,https://photos.zillowstatic.com/fp/819b5cb55c168ff57233be563f5f9ae1-p_e.jpg,True,False,,False,/homedetails/236-Rutherford-Rd-Lexington-SC-29073/111159109_zpid/,RecentlySold,Unknown Listed By,False,False,False,"236 Rutherford Rd, Lexington, SC 29073",False,False,False,,33.84896,-81.214455,RECENTLY_SOLD,Sold 05/08/2023,111159109.0,236 Rutherford Rd,29073,Lexington,SC,33.84896,-81.214455,11500.0,1683529200000.0,0.0,0.0,,LOT,RECENTLY_SOLD,-1.0,False,False,881.0,False,False,RECENTLY_SOLD,11500.0,True,False,False,USD,USA,15800.0,1.3199954086317722,acres,False,,,,,,,,,,,,,,,1.32
68403634,40000.0,$40K,,0.0,980.0,2.7 acres,SOLD,Sold,False,False,False,"https://maps.googleapis.com/maps/api/staticmap?mobile=false&sensor=true&maptype=satellite&size=575x242&zoom=17&center=33.88341522216797,-81.24629974365234&key=AIzaSyBJsNQO5ZeG-XAbqqWLKwG08fWITSxg33w&signature=s-XyLfe8sZk-mrlEy4B12DIEWrE=",,False,,False,/homedetails/730-Bluefield-Rd-Lexington-SC-29073/68403634_zpid/,RecentlySold,Unknown Listed By,False,False,False,"730 Bluefield Rd, Lexington, SC 29073",False,False,False,,33.883415,-81.2463,RECENTLY_SOLD,Sold 04/21/2023,68403634.0,730 Bluefield Rd,29073,Lexington,SC,33.883415,-81.2463,40000.0,1682060400000.0,0.0,,980.0,LOT,RECENTLY_SOLD,-1.0,False,False,452.0,False,False,RECENTLY_SOLD,40000.0,True,False,False,USD,USA,38500.0,2.7,acres,False,"https://maps.googleapis.com/maps/api/streetview/metadata?location=33.88341522216797,-81.24629974365234&key=AIzaSyBJsNQO5ZeG-XAbqqWLKwG08fWITSxg33w&signature=PnmbBOT5bYDWjP2asMrV6HBpVik=","https://maps.googleapis.com/maps/api/streetview?size=575x242&location=33.88341522216797,-81.24629974365234&key=AIzaSyBJsNQO5ZeG-XAbqqWLKwG08fWITSxg33w&signature=amq63dDXkYvaPA2wDWDG3ApGrqk=",69400.0,,,,,,,,,,,,2.7
,,,,,,,SOLD,For Rent,False,,,https://photos.zillowstatic.com/fp/0bae7c4504812c28b29bf5363996ec4e-p_e.jpg,True,,,,"/b/Lexington-SC/33.825893,-81.24676_ll/",,,False,,False,"699 Crystal Springs Dr, Lexington, SC",False,False,False,,33.825893,-81.24676,,,,,,,,,,,,,,,,,,,,,,,,,,,,,,,,,,,,,33.825893--81.24676,,0.0,0.0,,2.0,True,,False,8042461630.0,,
144770955,250000.0,$250K,3.0,0.0,1634.0,4.02 acres,SOLD,Sold,False,False,False,https://photos.zillowstatic.com/fp/3fcb77ec589762323641f8734e7b46eb-p_e.jpg,True,False,,False,/homedetails/5119-Backman-Ave-Lexington-SC-29073/144770955_zpid/,RecentlySold,Unknown Listed By,False,False,False,"5119 Backman Ave, Lexington, SC 29073",False,False,False,,33.908916,-81.199295,RECENTLY_SOLD,Sold 03/28/2023,144770955.0,5119 Backman Ave,29073,Lexington,SC,33.908916,-81.199295,250000.0,1679986800000.0,0.0,3.0,1634.0,LOT,RECENTLY_SOLD,-1.0,False,False,1710.0,False,False,RECENTLY_SOLD,250000.0,True,False,False,USD,USA,111005.0,4.019995408631773,acres,False,,,,,,,,,,,,,,,4.02
144705741,150000.0,$150K,,,,1.84 acres,SOLD,Sold,False,False,False,"https://maps.googleapis.com/maps/api/staticmap?mobile=false&sensor=true&maptype=satellite&size=575x242&zoom=17&center=34.03060531616211,-81.4237289428711&key=AIzaSyBJsNQO5ZeG-XAbqqWLKwG08fWITSxg33w&signature=2AgkYuJQnIz7OonnnaamiAmCrCo=",,False,,False,/homedetails/Art-Leicht-Ct-Gilbert-SC-29054/144705741_zpid/,RecentlySold,Unknown Listed By,False,False,False,"Art Leicht Ct, Gilbert, SC 29054",False,False,False,,34.030605,-81.42373,RECENTLY_SOLD,Sold 03/20/2023,144705741.0,Art Leicht Ct,29054,Gilbert,SC,34.030605,-81.42373,150000.0,1679295600000.0,,,,LOT,RECENTLY_SOLD,-1.0,False,False,1900.0,False,False,RECENTLY_SOLD,150000.0,True,False,False,USD,USA,28500.0,1.8365472910927456,acres,False,"https://maps.googleapis.com/maps/api/streetview/metadata?location=34.03060531616211,-81.4237289428711&key=AIzaSyBJsNQO5ZeG-XAbqqWLKwG08fWITSxg33w&signature=34bAaqgQlxz44TcESwRi6IQMUsA=","https://maps.googleapis.com/maps/api/streetview?size=575x242&location=34.03060531616211,-81.4237289428711&key=AIzaSyBJsNQO5ZeG-XAbqqWLKwG08fWITSxg33w&signature=XjBgauH9zqrbR12dEX8Ko_kfdtI=",,,,,,,,,,,,,1.84
55341890,46500.0,$47K,0.0,0.0,,1.31 acres,SOLD,Sold,False,False,False,https://photos.zillowstatic.com/fp/d8cb81839b6291e08268c40443641bc5-p_e.jpg,True,False,,False,/homedetails/385-Whiteplains-Pl-Gilbert-SC-29054/55341890_zpid/,RecentlySold,Unknown Listed By,False,False,False,"385 Whiteplains Pl, Gilbert, SC 29054",False,False,False,,33.964447,-81.360275,RECENTLY_SOLD,Sold 03/17/2023,55341890.0,385 Whiteplains Pl,29054,Gilbert,SC,33.964447,-81.360275,46500.0,1679036400000.0,0.0,0.0,,LOT,RECENTLY_SOLD,-1.0,False,False,851.0,False,False,RECENTLY_SOLD,46500.0,True,False,False,USD,USA,39000.0,1.3099862258953168,acres,False,,,,,,,,,,,,,,,1.31
11218802,140000.0,$140K,0.0,0.0,3736.0,2.62 acres,SOLD,Sold,False,False,False,https://photos.zillowstatic.com/fp/b163258eb71f23d7d3f5f06137faca2d-p_e.jpg,True,False,,False,/homedetails/841-Two-Notch-Rd-Lexington-SC-29073/11218802_zpid/,RecentlySold,Unknown Listed By,False,False,False,"841 Two Notch Rd, Lexington, SC 29073",False,False,False,,33.962387,-81.20628,RECENTLY_SOLD,Sold 03/16/2023,11218802.0,841 Two Notch Rd,29073,Lexington,SC,33.962387,-81.20628,140000.0,1678950000000.0,0.0,0.0,3736.0,LOT,RECENTLY_SOLD,-1.0,False,False,3056.0,False,False,RECENTLY_SOLD,140000.0,True,False,False,USD,USA,239000.0,2.6199954086317723,acres,False,,,,,,,,,,,,,,,2.62
11242665,10000.0,$10K,3.0,0.0,,4.04 acres,SOLD,Sold,False,False,False,"https://maps.googleapis.com/maps/api/staticmap?mobile=false&sensor=true&maptype=satellite&size=575x242&zoom=17&center=33.833744049072266,-81.22938537597656&key=AIzaSyBJsNQO5ZeG-XAbqqWLKwG08fWITSxg33w&signature=qZw2pPaI6f-Mvi2Uomw4tsFaCJo=",,False,,False,/homedetails/624-626-Arabian-Rd-Lexington-SC-29073/11242665_zpid/,RecentlySold,Unknown Listed By,False,False,False,"624-626 Arabian Rd, Lexington, SC 29073",False,False,False,,33.833744,-81.229385,RECENTLY_SOLD,Sold 03/14/2023,11242665.0,624-626 Arabian Rd,29073,Lexington,SC,33.833744,-81.229385,10000.0,1678777200000.0,0.0,3.0,,LOT,RECENTLY_SOLD,-1.0,False,False,887.0,False,False,RECENTLY_SOLD,10000.0,True,False,False,USD,USA,34300.0,4.039990817263544,acres,False,"https://maps.googleapis.com/maps/api/streetview/metadata?location=33.833744049072266,-81.22938537597656&key=AIzaSyBJsNQO5ZeG-XAbqqWLKwG08fWITSxg33w&signature=9owu3NNF22vQtxr66Tj38i_eJ9Q=","https://maps.googleapis.com/maps/api/streetview?size=575x242&location=33.833744049072266,-81.22938537597656&key=AIzaSyBJsNQO5ZeG-XAbqqWLKwG08fWITSxg33w&signature=qVh88virjTGHw7Mg8tSG3MOEFCQ=",,,,,,,,,,,,,4.04
11197196,145000.0,$145K,4.0,0.0,550.0,1.5 acres,SOLD,Sold,False,False,False,https://photos.zillowstatic.com/fp/276f2a2be24e1b6dfc7cde9d9eb8c55b-p_e.jpg,True,False,,False,/homedetails/120-Cedar-Cove-Trl-Gilbert-SC-29054/11197196_zpid/,RecentlySold,Unknown Listed By,False,False,False,"120 Cedar Cove Trl, Gilbert, SC 29054",False,False,False,,34.01342,-81.38723,RECENTLY_SOLD,Sold 02/28/2023,11197196.0,120 Cedar Cove Trl,29054,Gilbert,SC,34.01342,-81.38723,145000.0,1677571200000.0,0.0,4.0,550.0,LOT,RECENTLY_SOLD,-1.0,False,False,1040.0,False,False,RECENTLY_SOLD,145000.0,True,False,False,USD,USA,72000.0,1.5,acres,False,,,,,,,,,,,,,,,1.5
144727154,312000.0,$312K,0.0,0.0,1887.0,3.2 acres,SOLD,Sold,False,False,False,https://photos.zillowstatic.com/fp/105ad2337f3b3ab14ee81adc7b85865e-p_e.jpg,True,False,,False,/homedetails/3150-Mineral-Springs-Rd-Lexington-SC-29073/144727154_zpid/,RecentlySold,Unknown Listed By,False,False,False,"3150 Mineral Springs Rd, Lexington, SC 29073",False,False,False,,33.987335,-81.17239,RECENTLY_SOLD,Sold 02/23/2023,144727154.0,3150 Mineral Springs Rd,29073,Lexington,SC,33.987335,-81.17239,312000.0,1677139200000.0,0.0,0.0,1887.0,LOT,RECENTLY_SOLD,-1.0,False,False,1978.0,False,False,RECENTLY_SOLD,312000.0,True,False,False,USD,USA,230000.0,3.2,acres,False,,,319700.0,,,,,,,,,,,,3.2
2105336547,34000.0,$34K,0.0,0.0,,1.77 acres,SOLD,Sold,False,False,False,https://photos.zillowstatic.com/fp/9908b516b789ea4c2a2275ed67474096-p_e.jpg,True,False,,False,/homedetails/0-Ben-Franklin-Rd-Gilbert-SC-29054/2105336547_zpid/,RecentlySold,Unknown Listed By,False,False,False,"0 Ben Franklin Rd, Gilbert, SC 29054",False,False,False,,33.82602,-81.36707,RECENTLY_SOLD,Sold 02/20/2023,2105336547.0,0 Ben Franklin Rd,29054,Gilbert,SC,33.82602,-81.36707,34000.0,1676880000000.0,0.0,0.0,,LOT,RECENTLY_SOLD,-1.0,False,False,834.0,False,False,RECENTLY_SOLD,34000.0,True,False,False,USD,USA,,1.7699954086317722,acres,False,,,,,,,,,,,,,,,1.77
11240296,81000.0,$81K,3.0,0.0,924.0,3.27 acres,SOLD,Sold,False,False,False,https://photos.zillowstatic.com/fp/6f4abb1c49baad7728f78cfaeb5a8979-p_e.jpg,True,False,,False,/homedetails/7104-Platt-Springs-Rd-Lexington-SC-29073/11240296_zpid/,RecentlySold,Unknown Listed By,False,False,False,"7104 Platt Springs Rd, Lexington, SC 29073",False,False,False,,33.85144,-81.29844,RECENTLY_SOLD,Sold 02/09/2023,11240296.0,7104 Platt Springs Rd,29073,Lexington,SC,33.85144,-81.29844,81000.0,1675929600000.0,0.0,3.0,924.0,LOT,RECENTLY_SOLD,-1.0,False,False,1364.0,False,False,RECENTLY_SOLD,81000.0,True,False,False,USD,USA,30000.0,3.269995408631772,acres,False,,,94000.0,,,,,,,,,,,,3.27
111153213,122000.0,$122K,,0.0,,1.07 acres,SOLD,Sold,False,False,False,https://photos.zillowstatic.com/fp/6ef4d2b57c6f2a1b78d00d27794b3174-p_e.jpg,True,False,,False,/homedetails/224-Living-Waters-Blvd-Lexington-SC-29073/111153213_zpid/,RecentlySold,Unknown Listed By,False,False,False,"224 Living Waters Blvd, Lexington, SC 29073",False,False,False,,33.8327,-81.23297,RECENTLY_SOLD,Sold 01/06/2023,111153213.0,224 Living Waters Blvd,29073,Lexington,SC,33.8327,-81.23297,122000.0,1672992000000.0,0.0,,,LOT,RECENTLY_SOLD,-1.0,False,False,874.0,False,False,RECENTLY_SOLD,122000.0,True,False,False,USD,USA,50000.0,1.0699954086317722,acres,False,,,,,,,,,,,,,,,1.07
111164644,71900.0,$72K,,0.0,,1 acres,SOLD,Sold,False,False,False,https://photos.zillowstatic.com/fp/6ef4d2b57c6f2a1b78d00d27794b3174-p_e.jpg,True,False,,False,/homedetails/168-Living-Waters-Blvd-Lexington-SC-29073/111164644_zpid/,RecentlySold,Unknown Listed By,False,False,False,"168 Living Waters Blvd, Lexington, SC 29073",False,False,False,,33.8351,-81.234055,RECENTLY_SOLD,Sold 12/28/2022,111164644.0,168 Living Waters Blvd,29073,Lexington,SC,33.8351,-81.234055,71900.0,1672214400000.0,0.0,,,LOT,RECENTLY_SOLD,-1.0,False,False,874.0,False,False,RECENTLY_SOLD,71900.0,True,False,False,USD,USA,50000.0,1.0,acres,False,,,,,,,,,,,,,,,1.0
114200863,70000.0,$70K,0.0,0.0,,4.53 acres,SOLD,Sold,False,False,False,https://photos.zillowstatic.com/fp/fd8b6e18a24d06053a93ca4a01db892c-p_e.jpg,True,False,,False,/homedetails/1950-Old-Charleston-Rd-Lexington-SC-29073/114200863_zpid/,RecentlySold,Unknown Listed By,False,False,False,"1950 Old Charleston Rd, Lexington, SC 29073",False,False,False,,33.847557,-81.31576,RECENTLY_SOLD,Sold 12/09/2022,114200863.0,1950 Old Charleston Rd,29073,Lexington,SC,33.847557,-81.31576,70000.0,1670572800000.0,0.0,0.0,,LOT,RECENTLY_SOLD,-1.0,False,False,857.0,False,False,RECENTLY_SOLD,70000.0,True,False,False,USD,USA,46000.0,4.529981634527089,acres,False,,,,,,,,,,,,,,,4.53
2071057793,90000.0,$90K,,0.0,,2 acres,SOLD,Sold,False,False,False,https://photos.zillowstatic.com/fp/3170b5f08aedc644593fc72acf8fe675-p_e.jpg,True,False,,False,/homedetails/247-Mule-Trl-Gilbert-SC-29054/2071057793_zpid/,RecentlySold,Unknown Listed By,False,False,False,"247 Mule Trl, Gilbert, SC 29054",False,False,False,,33.936195,-81.37628,RECENTLY_SOLD,Sold 09/30/2022,2071057793.0,247 Mule Trl,29054,Gilbert,SC,33.936195,-81.37628,90000.0,1664521200000.0,0.0,,,LOT,RECENTLY_SOLD,-1.0,False,False,911.0,False,False,RECENTLY_SOLD,90000.0,True,False,False,USD,USA,,2.0,acres,False,,,,,,,,,,,,,,,2.0
144715288,235000.0,$235K,,,,3.84 acres,SOLD,Sold,False,False,False,"https://maps.googleapis.com/maps/api/staticmap?mobile=false&sensor=true&maptype=satellite&size=575x242&zoom=17&center=34.0103759765625,-81.42942810058594&key=AIzaSyBJsNQO5ZeG-XAbqqWLKwG08fWITSxg33w&signature=Rgie7WYVXw8SEBnNHui6NiumhDc=",,False,,False,/homedetails/7-Breezy-Bay-Dr-Gilbert-SC-29054/144715288_zpid/,RecentlySold,Unknown Listed By,False,False,False,"7 Breezy Bay Dr, Gilbert, SC 29054",False,False,False,,34.010376,-81.42943,RECENTLY_SOLD,Sold 09/29/2022,144715288.0,7 Breezy Bay Dr,29054,Gilbert,SC,34.010376,-81.42943,235000.0,1664434800000.0,,,,LOT,RECENTLY_SOLD,-1.0,False,False,1825.0,False,False,RECENTLY_SOLD,235000.0,True,False,False,USD,USA,78800.0,3.8399908172635446,acres,False,"https://maps.googleapis.com/maps/api/streetview/metadata?location=34.0103759765625,-81.42942810058594&key=AIzaSyBJsNQO5ZeG-XAbqqWLKwG08fWITSxg33w&signature=D6h_ayS76NI2hzqAY_a2QzRDpP4=","https://maps.googleapis.com/maps/api/streetview?size=575x242&location=34.0103759765625,-81.42942810058594&key=AIzaSyBJsNQO5ZeG-XAbqqWLKwG08fWITSxg33w&signature=VKhJFEOXpWJKY7oJrrBZ1nshDZA=",,,,,,,,,,,,,3.84
111161666,26500.0,$27K,,0.0,,2.98 acres,SOLD,Sold,False,False,False,https://photos.zillowstatic.com/fp/ecdd99bb661c4819c3527e5dfb69edd2-p_e.jpg,True,False,,False,/homedetails/231-Cedar-Branch-Ct-Gilbert-SC-29054/111161666_zpid/,RecentlySold,Unknown Listed By,False,False,False,"231 Cedar Branch Ct, Gilbert, SC 29054",False,False,False,,33.81824,-81.33784,RECENTLY_SOLD,Sold 09/22/2022,111161666.0,231 Cedar Branch Ct,29054,Gilbert,SC,33.81824,-81.33784,26500.0,1663830000000.0,0.0,,,LOT,RECENTLY_SOLD,-1.0,False,False,834.0,False,False,RECENTLY_SOLD,26500.0,True,False,False,USD,USA,23800.0,2.979981634527089,acres,False,,,,,,,,,,,,,,,2.98
50900903,55000.0,$55K,0.0,0.0,,1.58 acres,SOLD,Sold,False,False,False,"https://maps.googleapis.com/maps/api/staticmap?mobile=false&sensor=true&maptype=satellite&size=575x242&zoom=17&center=33.838592529296875,-81.21097564697266&key=AIzaSyBJsNQO5ZeG-XAbqqWLKwG08fWITSxg33w&signature=jqrL8uKZx79ZhhORi-u4xKUdhhQ=",,False,,False,/homedetails/3910-Highway-6-Lexington-SC-29073/50900903_zpid/,RecentlySold,Unknown Listed By,False,False,False,"3910 Highway 6, Lexington, SC 29073",False,False,False,,33.838593,-81.210976,RECENTLY_SOLD,Sold 09/14/2022,50900903.0,3910 Highway 6,29073,Lexington,SC,33.838593,-81.210976,55000.0,1663138800000.0,0.0,0.0,,LOT,RECENTLY_SOLD,-1.0,False,False,444.0,False,False,RECENTLY_SOLD,55000.0,True,False,False,USD,USA,19500.0,1.5799816345270892,acres,False,"https://maps.googleapis.com/maps/api/streetview/metadata?location=33.838592529296875,-81.21097564697266&key=AIzaSyBJsNQO5ZeG-XAbqqWLKwG08fWITSxg33w&signature=6snc1Q5K5B0ktoUmcQqnoySncLg=","https://maps.googleapis.com/maps/api/streetview?size=575x242&location=33.838592529296875,-81.21097564697266&key=AIzaSyBJsNQO5ZeG-XAbqqWLKwG08fWITSxg33w&signature=O6FXW8xf6DellbApK67mDCrPpPQ=",67100.0,,,,,,,,,,,,1.58
11240118,550000.0,$550K,3.0,0.0,,1 acres,SOLD,Sold,False,False,False,"https://maps.googleapis.com/maps/api/staticmap?mobile=false&sensor=true&maptype=satellite&size=575x242&zoom=17&center=33.859249114990234,-81.35350036621094&key=AIzaSyBJsNQO5ZeG-XAbqqWLKwG08fWITSxg33w&signature=Gmv7n8vq4qWxPiPg6pf8TwstX1w=",,False,,False,/homedetails/Pond-Branch-Rd-Gilbert-SC-29054/11240118_zpid/,RecentlySold,Unknown Listed By,False,False,False,"Pond Branch Rd, Gilbert, SC 29054",False,False,False,,33.85925,-81.3535,RECENTLY_SOLD,Sold 08/08/2022,11240118.0,Pond Branch Rd,29054,Gilbert,SC,33.85925,-81.3535,550000.0,1659942000000.0,0.0,3.0,,LOT,RECENTLY_SOLD,-1.0,False,False,834.0,False,False,RECENTLY_SOLD,550000.0,True,False,False,USD,USA,19300.0,1.0,acres,False,"https://maps.googleapis.com/maps/api/streetview/metadata?location=33.859249114990234,-81.35350036621094&key=AIzaSyBJsNQO5ZeG-XAbqqWLKwG08fWITSxg33w&signature=MfpcskBiDnOOqnvWdda21alfNnE=","https://maps.googleapis.com/maps/api/streetview?size=575x242&location=33.859249114990234,-81.35350036621094&key=AIzaSyBJsNQO5ZeG-XAbqqWLKwG08fWITSxg33w&signature=XdqQ7xVR3e2EY-IZY8Vw5-7pqa8=",,,,,,,,,,,,,1.0
11235566,200000.0,$200K,0.0,0.0,2016.0,2.16 acres,SOLD,Sold,False,False,False,https://photos.zillowstatic.com/fp/877d3651d377925203cd3450325eea37-p_e.jpg,True,False,,False,/homedetails/1537-Old-Orangeburg-Rd-Lexington-SC-29073/11235566_zpid/,RecentlySold,Unknown Listed By,False,False,False,"1537 Old Orangeburg Rd, Lexington, SC 29073",False,False,False,,33.90626,-81.2145,RECENTLY_SOLD,Sold 07/21/2022,11235566.0,1537 Old Orangeburg Rd,29073,Lexington,SC,33.90626,-81.2145,200000.0,1658386800000.0,0.0,0.0,2016.0,LOT,RECENTLY_SOLD,-1.0,False,False,1896.0,False,False,RECENTLY_SOLD,200000.0,True,False,False,USD,USA,43724.0,2.1599862258953166,acres,False,,,169900.0,,,,,,,,,,,,2.16
11234806,265000.0,$265K,4.0,0.0,2026.0,2.03 acres,SOLD,Sold,False,False,False,https://photos.zillowstatic.com/fp/e2df21ef253d3b4cd6fca53632aec032-p_e.jpg,True,False,,False,/homedetails/2151-Nazareth-Rd-Lexington-SC-29073/11234806_zpid/,RecentlySold,Unknown Listed By,False,False,False,"2151 Nazareth Rd, Lexington, SC 29073",False,False,False,,33.8907,-81.29369,RECENTLY_SOLD,Sold 07/18/2022,11234806.0,2151 Nazareth Rd,29073,Lexington,SC,33.8907,-81.29369,265000.0,1658127600000.0,0.0,4.0,2026.0,LOT,RECENTLY_SOLD,-1.0,False,False,2084.0,False,False,RECENTLY_SOLD,265000.0,True,False,False,USD,USA,149100.0,2.029981634527089,acres,False,,,277300.0,,,,,,,,,,,,2.03
2083582318,165000.0,$165K,,0.0,,1.61 acres,SOLD,Sold,False,False,False,https://photos.zillowstatic.com/fp/5bb3610a8aca7c2da0f7a269ccf08e30-p_e.jpg,True,False,,False,/homedetails/4705-Augusta-Hwy-Gilbert-SC-29054/2083582318_zpid/,RecentlySold,Unknown Listed By,False,False,False,"4705 Augusta Hwy, Gilbert, SC 29054",False,False,False,,33.953247,-81.41649,RECENTLY_SOLD,Sold 06/27/2022,2083582318.0,4705 Augusta Hwy,29054,Gilbert,SC,33.953247,-81.41649,165000.0,1656313200000.0,0.0,,,LOT,RECENTLY_SOLD,-1.0,False,False,851.0,False,False,RECENTLY_SOLD,165000.0,True,False,False,USD,USA,,1.6099862258953168,acres,False,,,,,,,,,,,,,,,1.61
11242431,145000.0,$145K,3.0,0.0,1624.0,2.01 acres,SOLD,Sold,False,False,False,"https://maps.googleapis.com/maps/api/staticmap?mobile=false&sensor=true&maptype=satellite&size=575x242&zoom=17&center=33.84864807128906,-81.2660903930664&key=AIzaSyBJsNQO5ZeG-XAbqqWLKwG08fWITSxg33w&signature=OWFiSMpSxLE-OmzL159mKmUWjmc=",,False,,False,/homedetails/131-Founders-Blvd-Lexington-SC-29073/11242431_zpid/,RecentlySold,Unknown Listed By,False,False,False,"131 Founders Blvd, Lexington, SC 29073",False,False,False,,33.848648,-81.26609,RECENTLY_SOLD,Sold 06/15/2022,11242431.0,131 Founders Blvd,29073,Lexington,SC,33.848648,-81.26609,145000.0,1655276400000.0,0.0,3.0,1624.0,LOT,RECENTLY_SOLD,-1.0,False,False,1658.0,False,False,RECENTLY_SOLD,145000.0,True,False,False,USD,USA,145000.0,2.0099862258953167,acres,False,"https://maps.googleapis.com/maps/api/streetview/metadata?location=33.84864807128906,-81.2660903930664&key=AIzaSyBJsNQO5ZeG-XAbqqWLKwG08fWITSxg33w&signature=VPYYdRVOkaQhUjDVl8EE9qQ2dL8=","https://maps.googleapis.com/maps/api/streetview?size=575x242&location=33.84864807128906,-81.2660903930664&key=AIzaSyBJsNQO5ZeG-XAbqqWLKwG08fWITSxg33w&signature=tcGb_l1MSj-eeZ3wNBzifJFCC18=",153800.0,,,,,,,,,,,,2.01
11245228,191500.0,$192K,3.0,0.0,,2 acres,SOLD,Sold,False,False,False,"https://maps.googleapis.com/maps/api/staticmap?mobile=false&sensor=true&maptype=satellite&size=575x242&zoom=17&center=33.80983352661133,-81.21292877197266&key=AIzaSyBJsNQO5ZeG-XAbqqWLKwG08fWITSxg33w&signature=cfgFUvbyTW_DOs3HqCI7FaaDq7E=",,False,,False,/homedetails/319-Macedon-Dr-Lexington-SC-29073/11245228_zpid/,RecentlySold,Unknown Listed By,False,False,False,"319 Macedon Dr, Lexington, SC 29073",False,False,False,,33.809834,-81.21293,RECENTLY_SOLD,Sold 06/10/2022,11245228.0,319 Macedon Dr,29073,Lexington,SC,33.809834,-81.21293,191500.0,1654844400000.0,0.0,3.0,,LOT,RECENTLY_SOLD,-1.0,False,False,1096.0,False,False,RECENTLY_SOLD,191500.0,True,False,False,USD,USA,17800.0,2.0,acres,False,"https://maps.googleapis.com/maps/api/streetview/metadata?location=33.80983352661133,-81.21292877197266&key=AIzaSyBJsNQO5ZeG-XAbqqWLKwG08fWITSxg33w&signature=fdOnQ-9XqSXG7FPwTNYMKDLa3-U=","https://maps.googleapis.com/maps/api/streetview?size=575x242&location=33.80983352661133,-81.21292877197266&key=AIzaSyBJsNQO5ZeG-XAbqqWLKwG08fWITSxg33w&signature=iQAwKX3VUOGob1vNuwi9lcHNStA=",178900.0,,,,,,,,,,,,2.0
144697805,650000.0,$650K,,,,1.18 acres,SOLD,Sold,False,False,False,"https://maps.googleapis.com/maps/api/staticmap?mobile=false&sensor=true&maptype=satellite&size=575x242&zoom=17&center=34.04688262939453,-81.35722351074219&key=AIzaSyBJsNQO5ZeG-XAbqqWLKwG08fWITSxg33w&signature=U65rKWNQ8j9Oq9ALfKOsO3ejp1Q=",,False,,False,/homedetails/Lindler-Dr-Gilbert-SC-29054/144697805_zpid/,RecentlySold,Unknown Listed By,False,False,False,"Lindler Dr, Gilbert, SC 29054",False,False,False,,34.046883,-81.35722,RECENTLY_SOLD,Sold 06/08/2022,144697805.0,Lindler Dr,29054,Gilbert,SC,34.046883,-81.35722,650000.0,1654671600000.0,,,,LOT,RECENTLY_SOLD,-1.0,False,False,2100.0,False,False,RECENTLY_SOLD,650000.0,True,False,False,USD,USA,345000.0,1.1768824609733701,acres,False,"https://maps.googleapis.com/maps/api/streetview/metadata?location=34.04688262939453,-81.35722351074219&key=AIzaSyBJsNQO5ZeG-XAbqqWLKwG08fWITSxg33w&signature=eW9gOCZgBbdXJYclkRX2YP8Q7Z4=","https://maps.googleapis.com/maps/api/streetview?size=575x242&location=34.04688262939453,-81.35722351074219&key=AIzaSyBJsNQO5ZeG-XAbqqWLKwG08fWITSxg33w&signature=-t9C6sD3lOmXCP9RKdtVUK6ZzGY=",,,,,,,,,,,,,1.18
11227754,285000.0,$285K,2.0,0.0,1337.0,2.41 acres,SOLD,Sold,False,False,False,https://photos.zillowstatic.com/fp/aed4ce04691f3486b1c2ee751b53e701-p_e.jpg,True,False,,False,/homedetails/1336-S-Lake-Dr-Lexington-SC-29073/11227754_zpid/,RecentlySold,Unknown Listed By,False,False,False,"1336 S Lake Dr, Lexington, SC 29073",False,False,False,,33.938686,-81.23859,RECENTLY_SOLD,Sold 06/06/2022,11227754.0,1336 S Lake Dr,29073,Lexington,SC,33.938686,-81.23859,285000.0,1654498800000.0,0.0,2.0,1337.0,LOT,RECENTLY_SOLD,-1.0,False,False,1498.0,False,False,RECENTLY_SOLD,285000.0,True,False,False,USD,USA,107629.0,2.4099862258953166,acres,False,,,,,,,,,,,,,,,2.41
11243026,18000.0,$18K,2.0,0.0,1024.0,2.02 acres,SOLD,Sold,False,False,False,https://photos.zillowstatic.com/fp/7847be4caacfc69298c6bb1cd07aa76a-p_e.jpg,True,False,,False,/homedetails/3585-Highway-6-Lexington-SC-29073/11243026_zpid/,RecentlySold,Unknown Listed By,False,False,False,"3585 Highway 6, Lexington, SC 29073",False,False,False,,33.8309,-81.20553,RECENTLY_SOLD,Sold 05/18/2022,11243026.0,3585 Highway 6,29073,Lexington,SC,33.8309,-81.20553,18000.0,1652857200000.0,0.0,2.0,1024.0,LOT,RECENTLY_SOLD,-1.0,False,False,1352.0,False,False,RECENTLY_SOLD,18000.0,True,False,False,USD,USA,27680.0,2.019995408631772,acres,False,,,51700.0,,,,,,,,,,,,2.02
111162873,61900.0,$62K,,0.0,,1.12 acres,SOLD,Sold,False,False,False,https://photos.zillowstatic.com/fp/6ef4d2b57c6f2a1b78d00d27794b3174-p_e.jpg,True,False,,False,/homedetails/212-Living-Waters-Blvd-Lexington-SC-29073/111162873_zpid/,RecentlySold,Unknown Listed By,False,False,False,"212 Living Waters Blvd, Lexington, SC 29073",False,False,False,,33.833553,-81.23366,RECENTLY_SOLD,Sold 05/09/2022,111162873.0,212 Living Waters Blvd,29073,Lexington,SC,33.833553,-81.23366,61900.0,1652079600000.0,0.0,,,LOT,RECENTLY_SOLD,-1.0,False,False,874.0,False,False,RECENTLY_SOLD,61900.0,True,False,False,USD,USA,50000.0,1.1199954086317723,acres,False,,,,,,,,,,,,,,,1.12
11235228,85000.0,$85K,3.0,0.0,,3.28 acres,SOLD,Sold,False,False,False,https://photos.zillowstatic.com/fp/0ba833448aadbe83abe839b686a970f6-p_e.jpg,True,False,,False,/homedetails/2171-S-Lake-Dr-Lexington-SC-29073/11235228_zpid/,RecentlySold,Unknown Listed By,False,False,False,"2171 S Lake Dr, Lexington, SC 29073",False,False,False,,33.895164,-81.218414,RECENTLY_SOLD,Sold 04/19/2022,11235228.0,2171 S Lake Dr,29073,Lexington,SC,33.895164,-81.218414,85000.0,1650351600000.0,0.0,3.0,,LOT,RECENTLY_SOLD,-1.0,False,False,995.0,False,False,RECENTLY_SOLD,85000.0,True,False,False,USD,USA,35600.0,3.279981634527089,acres,False,,,,,,,,,,,,,,,3.28
64634798,560000.0,$560K,0.0,0.0,2995.0,1.17 acres,SOLD,Sold,False,False,False,"https://maps.googleapis.com/maps/api/staticmap?mobile=false&sensor=true&maptype=satellite&size=575x242&zoom=17&center=33.996795654296875,-81.37422180175781&key=AIzaSyBJsNQO5ZeG-XAbqqWLKwG08fWITSxg33w&signature=G9H5yBh7JsUR1eHkyStG-vNv1ew=",,False,,False,/homedetails/172-Rocky-Meadow-Dr-Gilbert-SC-29054/64634798_zpid/,RecentlySold,Unknown Listed By,False,False,False,"172 Rocky Meadow Dr, Gilbert, SC 29054",False,False,False,,33.996796,-81.37422,RECENTLY_SOLD,Sold 04/18/2022,64634798.0,172 Rocky Meadow Dr,29054,Gilbert,SC,33.996796,-81.37422,560000.0,1650265200000.0,0.0,0.0,2995.0,LOT,RECENTLY_SOLD,-1.0,False,False,4164.0,False,False,RECENTLY_SOLD,560000.0,True,False,False,USD,USA,70000.0,1.1699954086317723,acres,False,"https://maps.googleapis.com/maps/api/streetview/metadata?location=33.996795654296875,-81.37422180175781&key=AIzaSyBJsNQO5ZeG-XAbqqWLKwG08fWITSxg33w&signature=goWjbxGbx9VFAx1rofh4v5Jdy74=","https://maps.googleapis.com/maps/api/streetview?size=575x242&location=33.996795654296875,-81.37422180175781&key=AIzaSyBJsNQO5ZeG-XAbqqWLKwG08fWITSxg33w&signature=9OuoYnBVGL1pn2KA0hky2NRqGGQ=",595700.0,,,,,,,,,,,,1.17
111160529,61900.0,$62K,,0.0,,1.07 acres,SOLD,Sold,False,False,False,https://photos.zillowstatic.com/fp/6ef4d2b57c6f2a1b78d00d27794b3174-p_e.jpg,True,False,,False,/homedetails/216-Living-Waters-Blvd-Lexington-SC-29073/111160529_zpid/,RecentlySold,Unknown Listed By,False,False,False,"216 Living Waters Blvd, Lexington, SC 29073",False,False,False,,33.83329,-81.23342,RECENTLY_SOLD,Sold 04/01/2022,111160529.0,216 Living Waters Blvd,29073,Lexington,SC,33.83329,-81.23342,61900.0,1648796400000.0,0.0,,,LOT,RECENTLY_SOLD,-1.0,False,False,874.0,False,False,RECENTLY_SOLD,61900.0,True,False,False,USD,USA,50000.0,1.0745408631772269,acres,False,,,,,,,,,,,,,,,1.07
111167143,150000.0,$150K,0.0,0.0,,2.06 acres,SOLD,Sold,False,False,False,https://photos.zillowstatic.com/fp/0f10c175b89e21fbbd9b150635db2618-p_e.jpg,True,False,,False,/homedetails/120-Living-Waters-Blvd-Lexington-SC-29073/111167143_zpid/,RecentlySold,Unknown Listed By,False,False,False,"120 Living Waters Blvd, Lexington, SC 29073",False,False,False,,33.838703,-81.23439,RECENTLY_SOLD,Sold 03/30/2022,111167143.0,120 Living Waters Blvd,29073,Lexington,SC,33.838703,-81.23439,150000.0,1648623600000.0,0.0,0.0,,LOT,RECENTLY_SOLD,-1.0,False,False,874.0,False,False,RECENTLY_SOLD,150000.0,True,False,False,USD,USA,100000.0,2.059986225895317,acres,False,,,,,,,,,,,,,,,2.06
64425448,50000.0,$50K,,0.0,,2 acres,SOLD,Sold,False,False,False,https://photos.zillowstatic.com/fp/b334ce87a3b763dfa0a17e79c59ecb89-p_e.jpg,True,False,,False,/homedetails/129-New-Village-Rd-Gilbert-SC-29054/64425448_zpid/,RecentlySold,Unknown Listed By,False,False,False,"129 New Village Rd, Gilbert, SC 29054",False,False,False,,33.990124,-81.38688,RECENTLY_SOLD,Sold 02/04/2022,64425448.0,129 New Village Rd,29054,Gilbert,SC,33.990124,-81.38688,50000.0,1643961600000.0,0.0,,,LOT,RECENTLY_SOLD,-1.0,False,False,1900.0,False,False,RECENTLY_SOLD,50000.0,True,False,False,USD,USA,30000.0,2.0,acres,False,,,,,,,,,,,,,,,2.0
11240271,25000.0,$25K,3.0,0.0,1620.0,4.15 acres,SOLD,Sold,False,False,False,"https://maps.googleapis.com/maps/api/staticmap?mobile=false&sensor=true&maptype=satellite&size=575x242&zoom=17&center=33.84701919555664,-81.2992172241211&key=AIzaSyBJsNQO5ZeG-XAbqqWLKwG08fWITSxg33w&signature=kjnWww88XbFfG_Ce9vGZs6r5Dao=",,False,,False,/homedetails/7143-Platt-Springs-Rd-Lexington-SC-29073/11240271_zpid/,RecentlySold,Unknown Listed By,False,False,False,"7143 Platt Springs Rd, Lexington, SC 29073",False,False,False,,33.84702,-81.29922,RECENTLY_SOLD,Sold 02/02/2022,11240271.0,7143 Platt Springs Rd,29073,Lexington,SC,33.84702,-81.29922,25000.0,1643788800000.0,0.0,3.0,1620.0,LOT,RECENTLY_SOLD,-1.0,False,False,429.0,False,False,RECENTLY_SOLD,25000.0,True,False,False,USD,USA,36000.0,4.15,acres,False,"https://maps.googleapis.com/maps/api/streetview/metadata?location=33.84701919555664,-81.2992172241211&key=AIzaSyBJsNQO5ZeG-XAbqqWLKwG08fWITSxg33w&signature=Ge3TKupT6pRC7x6H0WJYlOLZCzs=","https://maps.googleapis.com/maps/api/streetview?size=575x242&location=33.84701919555664,-81.2992172241211&key=AIzaSyBJsNQO5ZeG-XAbqqWLKwG08fWITSxg33w&signature=_ISoVTQgEKIpKvHL7-wLTJaxLoo=",68400.0,,,,,,,,,,,,4.15
55343386,225000.0,$225K,3.0,2.0,1308.0,1.25 acres,SOLD,Sold,False,False,False,https://photos.zillowstatic.com/fp/41bc605fe4b3634e3c5089a2894e7633-p_e.jpg,True,False,,False,/homedetails/217-Willow-Forks-Rd-Lexington-SC-29073/55343386_zpid/,RecentlySold,Unknown Listed By,False,False,False,"217 Willow Forks Rd, Lexington, SC 29073",False,False,False,,33.884964,-81.255516,RECENTLY_SOLD,Sold 12/31/2021,55343386.0,217 Willow Forks Rd,29073,Lexington,SC,33.884964,-81.255516,225000.0,1640937600000.0,2.0,3.0,1308.0,LOT,RECENTLY_SOLD,-1.0,False,False,1577.0,False,False,RECENTLY_SOLD,225000.0,True,False,False,USD,USA,225000.0,1.25,acres,False,,,243000.0,,,,,,,,,,,,1.25
11240682,48000.0,$48K,2.0,0.0,,1.7 acres,SOLD,Sold,False,False,False,https://photos.zillowstatic.com/fp/6d71282a059b1121199ea7f50c7d3e63-p_e.jpg,True,False,,False,/homedetails/283-Clermont-Lakes-Dr-Lexington-SC-29073/11240682_zpid/,RecentlySold,Unknown Listed By,False,False,False,"283 Clermont Lakes Dr, Lexington, SC 29073",False,False,False,,33.876904,-81.25719,RECENTLY_SOLD,Sold 12/21/2021,11240682.0,283 Clermont Lakes Dr,29073,Lexington,SC,33.876904,-81.25719,48000.0,1640073600000.0,0.0,2.0,,LOT,RECENTLY_SOLD,-1.0,False,False,492.0,False,False,RECENTLY_SOLD,48000.0,True,False,False,USD,USA,19800.0,1.7,acres,False,,,78800.0,,,,,,,,,,,,1.7
11235578,33500.0,$34K,3.0,0.0,,2.27 acres,SOLD,Sold,False,False,False,"https://maps.googleapis.com/maps/api/staticmap?mobile=false&sensor=true&maptype=satellite&size=575x242&zoom=17&center=33.90452575683594,-81.20975494384766&key=AIzaSyBJsNQO5ZeG-XAbqqWLKwG08fWITSxg33w&signature=J8ZF0EgOMCtKTeTipLRlk61lTYo=",,False,,False,/homedetails/31-Cross-Rd-Lexington-SC-29073/11235578_zpid/,RecentlySold,Unknown Listed By,False,False,False,"31 Cross Rd, Lexington, SC 29073",False,False,False,,33.904526,-81.209755,RECENTLY_SOLD,Sold 12/15/2021,11235578.0,31 Cross Rd,29073,Lexington,SC,33.904526,-81.209755,33500.0,1639555200000.0,0.0,3.0,,LOT,RECENTLY_SOLD,-1.0,False,False,995.0,False,False,RECENTLY_SOLD,33500.0,True,False,False,USD,USA,33500.0,2.269995408631772,acres,False,"https://maps.googleapis.com/maps/api/streetview/metadata?location=33.90452575683594,-81.20975494384766&key=AIzaSyBJsNQO5ZeG-XAbqqWLKwG08fWITSxg33w&signature=mgYVlf0_M_G0Wa_j9q1BSrvQz5I=","https://maps.googleapis.com/maps/api/streetview?size=575x242&location=33.90452575683594,-81.20975494384766&key=AIzaSyBJsNQO5ZeG-XAbqqWLKwG08fWITSxg33w&signature=RBsmV6cWqm2jDh8Qfk1iZ-T0QrU=",,,,,,,,,,,,,2.27
144776133,34500.0,$35K,,0.0,,2 acres,SOLD,Sold,False,False,False,https://photos.zillowstatic.com/fp/5632846b38dc81c5d055d19a78a51d8b-p_e.jpg,True,False,,False,/homedetails/Ben-Franklin-Rd-Gilbert-SC-29054/144776133_zpid/,RecentlySold,Unknown Listed By,False,False,False,"Ben Franklin Rd, Gilbert, SC 29054",False,False,False,,33.85176,-81.35067,RECENTLY_SOLD,Sold 12/15/2021,144776133.0,Ben Franklin Rd,29054,Gilbert,SC,33.85176,-81.35067,34500.0,1639555200000.0,0.0,,,LOT,RECENTLY_SOLD,-1.0,False,False,834.0,False,False,RECENTLY_SOLD,34500.0,True,False,False,USD,USA,59600.0,2.0,acres,False,,,,,,,,,,,,,,,2.0
144697806,600000.0,$600K,,0.0,,1.5 acres,SOLD,Sold,False,False,False,"https://maps.googleapis.com/maps/api/staticmap?mobile=false&sensor=true&maptype=satellite&size=575x242&zoom=17&center=34.04806137084961,-81.3587875366211&key=AIzaSyBJsNQO5ZeG-XAbqqWLKwG08fWITSxg33w&signature=uA64i7PELczBxaPmxjBtIb3cV6w=",,False,,False,/homedetails/1508-Shull-Ave-Gilbert-SC-29054/144697806_zpid/,RecentlySold,Unknown Listed By,False,False,False,"1508 Shull Ave, Gilbert, SC 29054",False,False,False,,34.04806,-81.35879,RECENTLY_SOLD,Sold 12/14/2021,144697806.0,1508 Shull Ave,29054,Gilbert,SC,34.04806,-81.35879,600000.0,1639468800000.0,0.0,,,LOT,RECENTLY_SOLD,-1.0,False,False,2134.0,False,False,RECENTLY_SOLD,600000.0,True,False,False,USD,USA,600000.0,1.5,acres,False,"https://maps.googleapis.com/maps/api/streetview/metadata?location=34.04806137084961,-81.3587875366211&key=AIzaSyBJsNQO5ZeG-XAbqqWLKwG08fWITSxg33w&signature=l5DZVYHeyXGPeu-fM56BRTCZI-c=","https://maps.googleapis.com/maps/api/streetview?size=575x242&location=34.04806137084961,-81.3587875366211&key=AIzaSyBJsNQO5ZeG-XAbqqWLKwG08fWITSxg33w&signature=eN_1lqKmwlivISZRqj7bZFwobsE=",,,,,,,,,,,,,1.5
144771150,30000.0,$30K,3.0,1.5,,1.62 acres,SOLD,Sold,False,False,False,"https://maps.googleapis.com/maps/api/staticmap?mobile=false&sensor=true&maptype=satellite&size=575x242&zoom=17&center=33.89155960083008,-81.19173431396484&key=AIzaSyBJsNQO5ZeG-XAbqqWLKwG08fWITSxg33w&signature=nRp6Hf0zF5cIMlLmzr9-nNb3sVI=",,False,,False,/homedetails/5532-Rosebank-Ct-Lexington-SC-29073/144771150_zpid/,RecentlySold,Unknown Listed By,False,False,False,"5532 Rosebank Ct, Lexington, SC 29073",False,False,False,,33.89156,-81.191734,RECENTLY_SOLD,Sold 11/04/2021,144771150.0,5532 Rosebank Ct,29073,Lexington,SC,33.89156,-81.191734,30000.0,1636009200000.0,1.5,3.0,,LOT,RECENTLY_SOLD,-1.0,False,False,511.0,False,False,RECENTLY_SOLD,30000.0,True,False,False,USD,USA,30000.0,1.6199954086317723,acres,False,"https://maps.googleapis.com/maps/api/streetview/metadata?location=33.89155960083008,-81.19173431396484&key=AIzaSyBJsNQO5ZeG-XAbqqWLKwG08fWITSxg33w&signature=XZhxTEXXHcWJYeprTTmbc3sciaM=","https://maps.googleapis.com/maps/api/streetview?size=575x242&location=33.89155960083008,-81.19173431396484&key=AIzaSyBJsNQO5ZeG-XAbqqWLKwG08fWITSxg33w&signature=CBhV0_Nd6WFFluG2qSYnAo4sO9k=",,,,,,,,,,,,,1.62
243766028,125000.0,$125K,,,,1.11 acres,SOLD,Sold,False,False,False,"https://maps.googleapis.com/maps/api/staticmap?mobile=false&sensor=true&maptype=satellite&size=575x242&zoom=17&center=34.007110595703125,-81.14369201660156&key=AIzaSyBJsNQO5ZeG-XAbqqWLKwG08fWITSxg33w&signature=R8JS4GAqouy0MrhUq5Wf1F45Y9g=",,False,,False,/homedetails/Southeastern-Way-Lexington-SC-29073/243766028_zpid/,RecentlySold,Unknown Listed By,False,False,False,"Southeastern Way, Lexington, SC 29073",False,False,False,,34.00711,-81.14369,RECENTLY_SOLD,Sold 08/26/2021,243766028.0,Southeastern Way,29073,Lexington,SC,34.00711,-81.14369,125000.0,1629961200000.0,,,,LOT,RECENTLY_SOLD,-1.0,False,False,1251.0,False,False,RECENTLY_SOLD,125000.0,True,False,False,USD,USA,125000.0,1.1099862258953168,acres,False,"https://maps.googleapis.com/maps/api/streetview/metadata?location=34.007110595703125,-81.14369201660156&key=AIzaSyBJsNQO5ZeG-XAbqqWLKwG08fWITSxg33w&signature=proYpviMT71pO6AWYhzPARKNU7A=","https://maps.googleapis.com/maps/api/streetview?size=575x242&location=34.007110595703125,-81.14369201660156&key=AIzaSyBJsNQO5ZeG-XAbqqWLKwG08fWITSxg33w&signature=Kwwxa6VD6E6KC_nxf-7LV_Jp-KU=",,,,,,,,,,,,,1.11
50898712,25000.0,$25K,3.0,0.0,1606.0,1.11 acres,SOLD,Sold,False,False,False,https://photos.zillowstatic.com/fp/94f8d0ec40af073c93e4068ad7a445bc-p_e.jpg,True,False,,False,/homedetails/3620-Augusta-Hwy-Gilbert-SC-29054/50898712_zpid/,RecentlySold,Unknown Listed By,False,False,False,"3620 Augusta Hwy, Gilbert, SC 29054",False,False,False,,33.973953,-81.374954,RECENTLY_SOLD,Sold 08/25/2021,50898712.0,3620 Augusta Hwy,29054,Gilbert,SC,33.973953,-81.374954,25000.0,1629874800000.0,0.0,3.0,1606.0,LOT,RECENTLY_SOLD,-1.0,False,False,1605.0,False,False,RECENTLY_SOLD,25000.0,True,False,False,USD,USA,117000.0,1.1099862258953168,acres,False,,,,,,,,,,,,,,,1.11
11235559,150000.0,$150K,1.0,1.0,,2.08 acres,SOLD,Sold,False,False,False,"https://maps.googleapis.com/maps/api/staticmap?mobile=false&sensor=true&maptype=satellite&size=575x242&zoom=17&center=33.91020202636719,-81.2085952758789&key=AIzaSyBJsNQO5ZeG-XAbqqWLKwG08fWITSxg33w&signature=XNVjATY11QdosD1OxYiVFS12FwE=",,False,,False,/homedetails/5-Platt-Springs-Rd-Lexington-SC-29073/11235559_zpid/,RecentlySold,Unknown Listed By,False,False,False,"5 Platt Springs Rd, Lexington, SC 29073",False,False,False,,33.910202,-81.208595,RECENTLY_SOLD,Sold 08/09/2021,11235559.0,5 Platt Springs Rd,29073,Lexington,SC,33.910202,-81.208595,150000.0,1628492400000.0,1.0,1.0,,LOT,RECENTLY_SOLD,-1.0,False,False,995.0,False,False,RECENTLY_SOLD,150000.0,True,False,False,USD,USA,150000.0,2.079981634527089,acres,False,"https://maps.googleapis.com/maps/api/streetview/metadata?location=33.91020202636719,-81.2085952758789&key=AIzaSyBJsNQO5ZeG-XAbqqWLKwG08fWITSxg33w&signature=l6fyFeSiQKyNfzK5lBw1YKYxa3o=","https://maps.googleapis.com/maps/api/streetview?size=575x242&location=33.91020202636719,-81.2085952758789&key=AIzaSyBJsNQO5ZeG-XAbqqWLKwG08fWITSxg33w&signature=x8b2UHkaUIKa1isMOZ57UmxE_tw=",,,,,,,,,,,,,2.08
248603797,50100.0,$50K,,,,4.67 acres,SOLD,Sold,False,False,False,"https://maps.googleapis.com/maps/api/staticmap?mobile=false&sensor=true&maptype=satellite&size=575x242&zoom=17&center=33.89080047607422,-81.30138397216797&key=AIzaSyBJsNQO5ZeG-XAbqqWLKwG08fWITSxg33w&signature=NoTMeNs7p5xnyIQxmvBde0DC8BY=",,False,,False,/homedetails/Pepper-Rd-Lexington-SC-29073/248603797_zpid/,RecentlySold,Unknown Listed By,False,False,False,"Pepper Rd, Lexington, SC 29073",False,False,False,,33.8908,-81.301384,RECENTLY_SOLD,Sold 07/27/2021,248603797.0,Pepper Rd,29073,Lexington,SC,33.8908,-81.301384,50100.0,1627369200000.0,,,,LOT,RECENTLY_SOLD,-1.0,False,False,885.0,False,False,RECENTLY_SOLD,50100.0,True,False,False,USD,USA,93400.0,4.669995408631772,acres,False,"https://maps.googleapis.com/maps/api/streetview/metadata?location=33.89080047607422,-81.30138397216797&key=AIzaSyBJsNQO5ZeG-XAbqqWLKwG08fWITSxg33w&signature=MXwFAOfaDsdYoIXZuKwpkTANWPg=","https://maps.googleapis.com/maps/api/streetview?size=575x242&location=33.89080047607422,-81.30138397216797&key=AIzaSyBJsNQO5ZeG-XAbqqWLKwG08fWITSxg33w&signature=KcX33x4MQ-4uNVnKm2c4SM1Tnd0=",,,,,,,,,,,,,4.67
111158706,61000.0,$61K,,0.0,,1.19 acres,SOLD,Sold,False,False,False,https://photos.zillowstatic.com/fp/6ef4d2b57c6f2a1b78d00d27794b3174-p_e.jpg,True,False,,False,/homedetails/220-Living-Waters-Blvd-Lexington-SC-29073/111158706_zpid/,RecentlySold,Unknown Listed By,False,False,False,"220 Living Waters Blvd, Lexington, SC 29073",False,False,False,,33.833004,-81.23316,RECENTLY_SOLD,Sold 07/09/2021,111158706.0,220 Living Waters Blvd,29073,Lexington,SC,33.833004,-81.23316,61000.0,1625814000000.0,0.0,,,LOT,RECENTLY_SOLD,-1.0,False,False,874.0,False,False,RECENTLY_SOLD,61000.0,True,False,False,USD,USA,61000.0,1.1899908172635445,acres,False,,,,,,,,,,,,,,,1.19
11216824,50000.0,$50K,3.0,0.0,3176.0,2.2 acres,SOLD,Sold,False,False,False,https://photos.zillowstatic.com/fp/7bd9ce02fca91979882dbb9791efb555-p_e.jpg,True,False,,False,/homedetails/340-S-Hampton-Rd-Lexington-SC-29073/11216824_zpid/,RecentlySold,Unknown Listed By,False,False,False,"340 S Hampton Rd, Lexington, SC 29073",False,False,False,,33.948277,-81.21804,RECENTLY_SOLD,Sold 07/06/2021,11216824.0,340 S Hampton Rd,29073,Lexington,SC,33.948277,-81.21804,50000.0,1625554800000.0,0.0,3.0,3176.0,LOT,RECENTLY_SOLD,-1.0,False,False,2500.0,False,False,RECENTLY_SOLD,50000.0,True,False,False,USD,USA,43926.0,2.2,acres,False,,,82400.0,,,,,,,,,,,,2.2
145651628,29800.0,$30K,,0.0,,1.05 acres,SOLD,Sold,False,False,False,"https://maps.googleapis.com/maps/api/staticmap?mobile=false&sensor=true&maptype=satellite&size=575x242&zoom=17&center=33.98971939086914,-81.38780975341797&key=AIzaSyBJsNQO5ZeG-XAbqqWLKwG08fWITSxg33w&signature=cpF63r5a0Tld09E4dUY8-DQJo-k=",,False,,False,/homedetails/New-Village-Rd-Gilbert-SC-29054/145651628_zpid/,RecentlySold,Unknown Listed By,False,False,False,"New Village Rd, Gilbert, SC 29054",False,False,False,,33.98972,-81.38781,RECENTLY_SOLD,Sold 07/01/2021,145651628.0,New Village Rd,29054,Gilbert,SC,33.98972,-81.38781,29800.0,1625122800000.0,0.0,,,LOT,RECENTLY_SOLD,-1.0,False,False,1900.0,False,False,RECENTLY_SOLD,29800.0,True,False,False,USD,USA,29800.0,1.05,acres,False,"https://maps.googleapis.com/maps/api/streetview/metadata?location=33.98971939086914,-81.38780975341797&key=AIzaSyBJsNQO5ZeG-XAbqqWLKwG08fWITSxg33w&signature=zbIPT26dy49dKSU8_p3YQgDilio=","https://maps.googleapis.com/maps/api/streetview?size=575x242&location=33.98971939086914,-81.38780975341797&key=AIzaSyBJsNQO5ZeG-XAbqqWLKwG08fWITSxg33w&signature=TgTBT0KWlhWCF0Jc-ro01dXCLyc=",,,,,,,,,,,,,1.05
111160133,59900.0,$60K,3.0,0.0,2560.0,1.08 acres,SOLD,Sold,False,False,False,https://photos.zillowstatic.com/fp/6ef4d2b57c6f2a1b78d00d27794b3174-p_e.jpg,True,False,,False,/homedetails/204-Living-Waters-Blvd-Lexington-SC-29073/111160133_zpid/,RecentlySold,Unknown Listed By,False,False,False,"204 Living Waters Blvd, Lexington, SC 29073",False,False,False,,33.834183,-81.23353,RECENTLY_SOLD,Sold 06/18/2021,111160133.0,204 Living Waters Blvd,29073,Lexington,SC,33.834183,-81.23353,59900.0,1623999600000.0,0.0,3.0,2560.0,LOT,RECENTLY_SOLD,-1.0,False,False,2190.0,False,False,RECENTLY_SOLD,59900.0,True,False,False,USD,USA,59900.0,1.0799816345270892,acres,False,,,,,,,,,,,,,,,1.08
11207319,40500.0,$41K,0.0,0.0,,1.95 acres,SOLD,Sold,False,False,False,"https://maps.googleapis.com/maps/api/staticmap?mobile=false&sensor=true&maptype=satellite&size=575x242&zoom=17&center=33.99229431152344,-81.17981719970703&key=AIzaSyBJsNQO5ZeG-XAbqqWLKwG08fWITSxg33w&signature=oFyv09fMIMRKpl0UKIZyd3kweMk=",,False,,False,/homedetails/783-Cromer-Rd-Lexington-SC-29073/11207319_zpid/,RecentlySold,Unknown Listed By,False,False,False,"783 Cromer Rd, Lexington, SC 29073",False,False,False,,33.992294,-81.17982,RECENTLY_SOLD,Sold 06/11/2021,11207319.0,783 Cromer Rd,29073,Lexington,SC,33.992294,-81.17982,40500.0,1623394800000.0,0.0,0.0,,LOT,RECENTLY_SOLD,-1.0,False,False,658.0,False,False,RECENTLY_SOLD,40500.0,True,False,False,USD,USA,35400.0,1.95,acres,False,"https://maps.googleapis.com/maps/api/streetview/metadata?location=33.99229431152344,-81.17981719970703&key=AIzaSyBJsNQO5ZeG-XAbqqWLKwG08fWITSxg33w&signature=oOe5Mh9wvORddzONVyqfxaXmpKE=","https://maps.googleapis.com/maps/api/streetview?size=575x242&location=33.99229431152344,-81.17981719970703&key=AIzaSyBJsNQO5ZeG-XAbqqWLKwG08fWITSxg33w&signature=z1erPD1x410-urw6zkd1qtyHEHQ=",78200.0,,,,,,,,,,,,1.95
111150396,50000.0,$50K,0.0,0.0,,1.03 acres,SOLD,Sold,False,False,False,"https://maps.googleapis.com/maps/api/staticmap?mobile=false&sensor=true&maptype=satellite&size=575x242&zoom=17&center=33.83674621582031,-81.2343978881836&key=AIzaSyBJsNQO5ZeG-XAbqqWLKwG08fWITSxg33w&signature=GMfx5I1tR53-GSdgy_QwY0cgRN0=",,False,,False,/homedetails/144-Living-Waters-Blvd-Lexington-SC-29073/111150396_zpid/,RecentlySold,Unknown Listed By,False,False,False,"144 Living Waters Blvd, Lexington, SC 29073",False,False,False,,33.836746,-81.2344,RECENTLY_SOLD,Sold 06/07/2021,111150396.0,144 Living Waters Blvd,29073,Lexington,SC,33.836746,-81.2344,50000.0,1623049200000.0,0.0,0.0,,LOT,RECENTLY_SOLD,-1.0,False,False,366.0,False,False,RECENTLY_SOLD,50000.0,True,False,False,USD,USA,50000.0,1.0299816345270891,acres,False,"https://maps.googleapis.com/maps/api/streetview/metadata?location=33.83674621582031,-81.2343978881836&key=AIzaSyBJsNQO5ZeG-XAbqqWLKwG08fWITSxg33w&signature=JEQF7eSo0-SYtWP52UgZfAaaukY=","https://maps.googleapis.com/maps/api/streetview?size=575x242&location=33.83674621582031,-81.2343978881836&key=AIzaSyBJsNQO5ZeG-XAbqqWLKwG08fWITSxg33w&signature=jScDSOn8I6OSSb1r5SBdRNME0yc=",,,,,,,,,,,,,1.03
111155945,59900.0,$60K,,0.0,,1.05 acres,SOLD,Sold,False,False,False,https://photos.zillowstatic.com/fp/6ef4d2b57c6f2a1b78d00d27794b3174-p_e.jpg,True,False,,False,/homedetails/236-Living-Waters-Blvd-Lexington-SC-29073/111155945_zpid/,RecentlySold,Unknown Listed By,False,False,False,"236 Living Waters Blvd, Lexington, SC 29073",False,False,False,,33.83187,-81.232445,RECENTLY_SOLD,Sold 04/30/2021,111155945.0,236 Living Waters Blvd,29073,Lexington,SC,33.83187,-81.232445,59900.0,1619766000000.0,0.0,,,LOT,RECENTLY_SOLD,-1.0,False,False,874.0,False,False,RECENTLY_SOLD,59900.0,True,False,False,USD,USA,59900.0,1.05,acres,False,,,,,,,,,,,,,,,1.05
111165737,59900.0,$60K,,0.0,,1.03 acres,SOLD,Sold,False,False,False,https://photos.zillowstatic.com/fp/6ef4d2b57c6f2a1b78d00d27794b3174-p_e.jpg,True,False,,False,/homedetails/152-Living-Waters-Blvd-Lexington-SC-29073/111165737_zpid/,RecentlySold,Unknown Listed By,False,False,False,"152 Living Waters Blvd, Lexington, SC 29073",False,False,False,,33.83615,-81.23457,RECENTLY_SOLD,Sold 04/23/2021,111165737.0,152 Living Waters Blvd,29073,Lexington,SC,33.83615,-81.23457,59900.0,1619161200000.0,0.0,,,LOT,RECENTLY_SOLD,-1.0,False,False,874.0,False,False,RECENTLY_SOLD,59900.0,True,False,False,USD,USA,59900.0,1.0299816345270891,acres,False,,,,,,,,,,,,,,,1.03
111164148,59900.0,$60K,4.0,0.0,2363.0,1.02 acres,SOLD,Sold,False,False,False,https://photos.zillowstatic.com/fp/6ef4d2b57c6f2a1b78d00d27794b3174-p_e.jpg,True,False,,False,/homedetails/172-Living-Waters-Blvd-Lexington-SC-29073/111164148_zpid/,RecentlySold,Unknown Listed By,False,False,False,"172 Living Waters Blvd, Lexington, SC 29073",False,False,False,,33.83486,-81.23374,RECENTLY_SOLD,Sold 04/16/2021,111164148.0,172 Living Waters Blvd,29073,Lexington,SC,33.83486,-81.23374,59900.0,1618556400000.0,0.0,4.0,2363.0,LOT,RECENTLY_SOLD,-1.0,False,False,2079.0,False,False,RECENTLY_SOLD,59900.0,True,False,False,USD,USA,59900.0,1.0199954086317722,acres,False,,,,,,,,,,,,,,,1.02
11202727,140000.0,$140K,2.0,0.0,640.0,1.13 acres,SOLD,Sold,False,False,False,https://photos.zillowstatic.com/fp/9edbaa403148fa235ccfffe37ec019b9-p_e.jpg,True,False,,False,/homedetails/1308-Spool-Wheel-Rd-Gilbert-SC-29054/11202727_zpid/,RecentlySold,Unknown Listed By,False,False,False,"1308 Spool Wheel Rd, Gilbert, SC 29054",False,False,False,,33.979824,-81.365486,RECENTLY_SOLD,Sold 03/04/2021,11202727.0,1308 Spool Wheel Rd,29054,Gilbert,SC,33.979824,-81.365486,140000.0,1614844800000.0,0.0,2.0,640.0,LOT,RECENTLY_SOLD,-1.0,False,False,1200.0,False,False,RECENTLY_SOLD,140000.0,True,False,False,USD,USA,140000.0,1.129981634527089,acres,False,,,168000.0,,,,,,,,,,,,1.13
68012445,85000.0,$85K,,0.0,2128.0,3.96 acres,SOLD,Sold,False,False,False,https://photos.zillowstatic.com/fp/ff5aaf99dcc6de04f82eecb550b3ff51-p_e.jpg,True,False,,False,/homedetails/2540-Highway-378-Gilbert-SC-29054/68012445_zpid/,RecentlySold,Unknown Listed By,False,False,False,"2540 Highway 378, Gilbert, SC 29054",False,False,False,,34.016533,-81.407486,RECENTLY_SOLD,Sold 01/13/2021,68012445.0,2540 Highway 378,29054,Gilbert,SC,34.016533,-81.407486,85000.0,1610524800000.0,0.0,,2128.0,LOT,RECENTLY_SOLD,-1.0,False,False,982.0,False,False,RECENTLY_SOLD,85000.0,True,False,False,USD,USA,85000.0,3.959986225895317,acres,False,,,139800.0,,,,,,,,,,,,3.96
11227746,55000.0,$55K,3.0,0.0,3418.0,4.18 acres,SOLD,Sold,False,False,False,https://photos.zillowstatic.com/fp/a46d24ed8602e09e4aa54b3d999210e3-p_e.jpg,True,False,,False,/homedetails/356-Kyzer-Rd-Lexington-SC-29073/11227746_zpid/,RecentlySold,Unknown Listed By,False,False,False,"356 Kyzer Rd, Lexington, SC 29073",False,False,False,,33.912373,-81.253075,RECENTLY_SOLD,Sold 01/04/2021,11227746.0,356 Kyzer Rd,29073,Lexington,SC,33.912373,-81.253075,55000.0,1609747200000.0,0.0,3.0,3418.0,LOT,RECENTLY_SOLD,-1.0,False,False,2837.0,False,False,RECENTLY_SOLD,55000.0,True,False,False,USD,USA,294451.0,4.179981634527089,acres,False,,,,,,,,,,,,,,,4.18
111166130,128279.0,$128K,3.0,0.0,,2.64 acres,SOLD,Sold,False,False,False,"https://maps.googleapis.com/maps/api/staticmap?mobile=false&sensor=true&maptype=satellite&size=575x242&zoom=17&center=33.8773307800293,-81.37649536132812&key=AIzaSyBJsNQO5ZeG-XAbqqWLKwG08fWITSxg33w&signature=kAWFXwGFIIw4jKPPOZwG9KU1zQQ=",,False,,False,/homedetails/325-Loblolly-Rd-Gilbert-SC-29054/111166130_zpid/,RecentlySold,Unknown Listed By,False,False,False,"325 Loblolly Rd, Gilbert, SC 29054",False,False,False,,33.87733,-81.376495,RECENTLY_SOLD,Sold 12/23/2020,111166130.0,325 Loblolly Rd,29054,Gilbert,SC,33.87733,-81.376495,128279.0,1608710400000.0,0.0,3.0,,LOT,RECENTLY_SOLD,-1.0,False,False,1295.0,False,False,RECENTLY_SOLD,128279.0,True,False,False,USD,USA,114881.0,2.6399908172635445,acres,False,"https://maps.googleapis.com/maps/api/streetview/metadata?location=33.8773307800293,-81.37649536132812&key=AIzaSyBJsNQO5ZeG-XAbqqWLKwG08fWITSxg33w&signature=018lx9yeZTZJUrTsM5mYKsxjF4U=","https://maps.googleapis.com/maps/api/streetview?size=575x242&location=33.8773307800293,-81.37649536132812&key=AIzaSyBJsNQO5ZeG-XAbqqWLKwG08fWITSxg33w&signature=W0-gGkRMtndgBjB5J3IM2WTk0F4=",,,,,,,,,,,,,2.64
144697822,460000.0,$460K,3.0,0.0,2540.0,1 acres,SOLD,Sold,False,False,False,https://photos.zillowstatic.com/fp/7cd6df4062594017b315385b049e7dcc-p_e.jpg,True,False,,False,/homedetails/1624-Bombing-Range-Ct-Gilbert-SC-29054/144697822_zpid/,RecentlySold,Unknown Listed By,False,False,False,"1624 Bombing Range Ct, Gilbert, SC 29054",False,False,False,,34.049095,-81.367294,RECENTLY_SOLD,Sold 12/22/2020,144697822.0,1624 Bombing Range Ct,29054,Gilbert,SC,34.049095,-81.367294,460000.0,1608624000000.0,0.0,3.0,2540.0,LOT,RECENTLY_SOLD,-1.0,False,False,2575.0,False,False,RECENTLY_SOLD,460000.0,True,False,False,USD,USA,460000.0,1.0,acres,False,,,,,,,,,,,,,,,1.0
144755273,257500.0,$258K,3.0,1.5,,3.06 acres,SOLD,Sold,False,False,False,"https://maps.googleapis.com/maps/api/staticmap?mobile=false&sensor=true&maptype=satellite&size=575x242&zoom=17&center=33.92414474487305,-81.25829315185547&key=AIzaSyBJsNQO5ZeG-XAbqqWLKwG08fWITSxg33w&signature=7Hvk2DqHBq2E1u_sMmI2d7Ka_N4=",,False,,False,/homedetails/1401-Robert-Hendrix-Rd-Lexington-SC-29073/144755273_zpid/,RecentlySold,Unknown Listed By,False,False,False,"1401 Robert Hendrix Rd, Lexington, SC 29073",False,False,False,,33.924145,-81.25829,RECENTLY_SOLD,Sold 12/14/2020,144755273.0,1401 Robert Hendrix Rd,29073,Lexington,SC,33.924145,-81.25829,257500.0,1607932800000.0,1.5,3.0,,LOT,RECENTLY_SOLD,-1.0,False,False,1432.0,False,False,RECENTLY_SOLD,257500.0,True,False,False,USD,USA,59700.0,3.059986225895317,acres,False,"https://maps.googleapis.com/maps/api/streetview/metadata?location=33.92414474487305,-81.25829315185547&key=AIzaSyBJsNQO5ZeG-XAbqqWLKwG08fWITSxg33w&signature=W6jzC5V42X3SvExtHRpR65BPr0Y=","https://maps.googleapis.com/maps/api/streetview?size=575x242&location=33.92414474487305,-81.25829315185547&key=AIzaSyBJsNQO5ZeG-XAbqqWLKwG08fWITSxg33w&signature=QDuUb3_hhGdgwPEPzhxmAqF4ErQ=",,,,,,,,,,,,,3.06
11226916,42000.0,$42K,3.0,0.0,3005.0,2.16 acres,SOLD,Sold,False,False,False,https://photos.zillowstatic.com/fp/25af817a7ceb40f7026aab7b1280f18e-p_e.jpg,True,False,,False,/homedetails/545-Semm-Sease-Rd-Gilbert-SC-29054/11226916_zpid/,RecentlySold,Unknown Listed By,False,False,False,"545 Semm Sease Rd, Gilbert, SC 29054",False,False,False,,33.9206,-81.38282,RECENTLY_SOLD,Sold 12/04/2020,11226916.0,545 Semm Sease Rd,29054,Gilbert,SC,33.9206,-81.38282,42000.0,1607068800000.0,0.0,3.0,3005.0,LOT,RECENTLY_SOLD,-1.0,False,False,2429.0,False,False,RECENTLY_SOLD,42000.0,True,False,False,USD,USA,42000.0,2.1599862258953166,acres,False,,,,,,,,,,,,,,,2.16
50900889,22000.0,$22K,2.0,0.0,1024.0,3.08 acres,SOLD,Sold,False,False,False,https://photos.zillowstatic.com/fp/6a188d1ca0a53c528ab6084cc8f6d3f6-p_e.jpg,True,False,,False,/homedetails/157-Terra-Dr-Lexington-SC-29073/50900889_zpid/,RecentlySold,Unknown Listed By,False,False,False,"157 Terra Dr, Lexington, SC 29073",False,False,False,,33.845615,-81.22315,RECENTLY_SOLD,Sold 11/24/2020,50900889.0,157 Terra Dr,29073,Lexington,SC,33.845615,-81.22315,22000.0,1606204800000.0,0.0,2.0,1024.0,LOT,RECENTLY_SOLD,-1.0,False,False,1336.0,False,False,RECENTLY_SOLD,22000.0,True,False,False,USD,USA,22000.0,3.079981634527089,acres,False,,,52100.0,,,,,,,,,,,,3.08
11242700,44100.0,$44K,0.0,0.0,,2 acres,SOLD,Sold,False,False,False,https://photos.zillowstatic.com/fp/935d36b4f7c56f5d5592ee0e5605bd72-p_e.jpg,True,False,,False,/homedetails/310-Shetland-Ln-Lexington-SC-29073/11242700_zpid/,RecentlySold,Unknown Listed By,False,False,False,"310 Shetland Ln, Lexington, SC 29073",False,False,False,,33.838566,-81.22049,RECENTLY_SOLD,Sold 11/12/2020,11242700.0,310 Shetland Ln,29073,Lexington,SC,33.838566,-81.22049,44100.0,1605168000000.0,0.0,0.0,,LOT,RECENTLY_SOLD,-1.0,False,False,486.0,False,False,RECENTLY_SOLD,44100.0,True,False,False,USD,USA,44100.0,2.0,acres,False,,,76200.0,,,,,,,,,,,,2.0
11216791,65000.0,$65K,3.0,0.0,728.0,3.9 acres,SOLD,Sold,False,False,False,"https://maps.googleapis.com/maps/api/staticmap?mobile=false&sensor=true&maptype=satellite&size=575x242&zoom=17&center=33.95916748046875,-81.21395111083984&key=AIzaSyBJsNQO5ZeG-XAbqqWLKwG08fWITSxg33w&signature=IaYQ6ArgHpKPHO_ZHyaHhKde2GA=",,False,,False,/homedetails/991-Two-Notch-Rd-Lexington-SC-29073/11216791_zpid/,RecentlySold,Unknown Listed By,False,False,False,"991 Two Notch Rd, Lexington, SC 29073",False,False,False,,33.959167,-81.21395,RECENTLY_SOLD,Sold 10/28/2020,11216791.0,991 Two Notch Rd,29073,Lexington,SC,33.959167,-81.21395,65000.0,1603868400000.0,0.0,3.0,728.0,LOT,RECENTLY_SOLD,-1.0,False,False,1235.0,False,False,RECENTLY_SOLD,65000.0,True,False,False,USD,USA,65000.0,3.9,acres,False,"https://maps.googleapis.com/maps/api/streetview/metadata?location=33.95916748046875,-81.21395111083984&key=AIzaSyBJsNQO5ZeG-XAbqqWLKwG08fWITSxg33w&signature=6Fexc1GNApEGEl2P_seuj5mGqOk=","https://maps.googleapis.com/maps/api/streetview?size=575x242&location=33.95916748046875,-81.21395111083984&key=AIzaSyBJsNQO5ZeG-XAbqqWLKwG08fWITSxg33w&signature=_dgY2ecXofokfoYJ0EGajrXBKVc=",,,,,,,,,,,,,3.9
11207327,87000.0,$87K,3.0,0.0,,1.89 acres,SOLD,Sold,False,False,False,"https://maps.googleapis.com/maps/api/staticmap?mobile=false&sensor=true&maptype=satellite&size=575x242&zoom=17&center=33.99618148803711,-81.16600036621094&key=AIzaSyBJsNQO5ZeG-XAbqqWLKwG08fWITSxg33w&signature=lerTygrWXgnxXCFbRGrhCLHK9iA=",,False,,False,/homedetails/340-Big-Timber-Dr-Lexington-SC-29073/11207327_zpid/,RecentlySold,Unknown Listed By,False,False,False,"340 Big Timber Dr, Lexington, SC 29073",False,False,False,,33.99618,-81.166,RECENTLY_SOLD,Sold 10/06/2020,11207327.0,340 Big Timber Dr,29073,Lexington,SC,33.99618,-81.166,87000.0,1601967600000.0,0.0,3.0,,LOT,RECENTLY_SOLD,-1.0,False,False,1670.0,False,False,RECENTLY_SOLD,87000.0,True,False,False,USD,USA,87000.0,1.8899908172635445,acres,False,"https://maps.googleapis.com/maps/api/streetview/metadata?location=33.99618148803711,-81.16600036621094&key=AIzaSyBJsNQO5ZeG-XAbqqWLKwG08fWITSxg33w&signature=I78qdgGfWrRnr3bCeimV_t6XL68=","https://maps.googleapis.com/maps/api/streetview?size=575x242&location=33.99618148803711,-81.16600036621094&key=AIzaSyBJsNQO5ZeG-XAbqqWLKwG08fWITSxg33w&signature=G0hnKM8Yf3oRgDB1VhDZ1TpkU3U=",,,,,,,,,,,,,1.89
2077643787,22000.0,$22K,,,,1 acres,SOLD,Sold,False,False,False,"https://maps.googleapis.com/maps/api/staticmap?mobile=false&sensor=true&maptype=satellite&size=575x242&zoom=17&center=33.87105178833008,-81.38983917236328&key=AIzaSyBJsNQO5ZeG-XAbqqWLKwG08fWITSxg33w&signature=DLQ3QMXmnkH3S6EcGzLPNnIVhNE=",,False,,False,/homedetails/1-Pond-Branch-Road-Gilbert-SC-29054/2077643787_zpid/,RecentlySold,Unknown Listed By,False,False,False,"1 Pond Branch Road, Gilbert, SC 29054",False,False,False,,33.87105,-81.38984,RECENTLY_SOLD,Sold 09/30/2020,2077643787.0,1 Pond Branch Road,29054,Gilbert,SC,33.87105,-81.38984,22000.0,1601449200000.0,,,,LOT,RECENTLY_SOLD,-1.0,False,False,833.0,False,False,RECENTLY_SOLD,22000.0,True,False,False,USD,USA,,1.0,acres,False,"https://maps.googleapis.com/maps/api/streetview/metadata?location=33.87105178833008,-81.38983917236328&key=AIzaSyBJsNQO5ZeG-XAbqqWLKwG08fWITSxg33w&signature=EVHARt7C3I7Wq-rLE6UccYVfgjU=","https://maps.googleapis.com/maps/api/streetview?size=575x242&location=33.87105178833008,-81.38983917236328&key=AIzaSyBJsNQO5ZeG-XAbqqWLKwG08fWITSxg33w&signature=dUKBnYj67YurpeOJfiIgC85UNho=",,,,,,,,,,,,,1.0
81040041,23900.0,$24K,4.0,0.0,2368.0,1.28 acres,SOLD,Sold,False,False,False,https://photos.zillowstatic.com/fp/97f3d14e88ef4cf9b9c07bed72c7d879-p_e.jpg,True,False,,False,/homedetails/107-Estancia-Ct-Lexington-SC-29073/81040041_zpid/,RecentlySold,Unknown Listed By,False,False,False,"107 Estancia Ct, Lexington, SC 29073",False,False,False,,33.868015,-81.25393,RECENTLY_SOLD,Sold 09/29/2020,81040041.0,107 Estancia Ct,29073,Lexington,SC,33.868015,-81.25393,23900.0,1601362800000.0,0.0,4.0,2368.0,LOT,RECENTLY_SOLD,-1.0,False,False,2095.0,False,False,RECENTLY_SOLD,23900.0,True,False,False,USD,USA,128520.0,1.2799816345270891,acres,False,,,,,,,,,,,,,,,1.28
11235397,35000.0,$35K,0.0,0.0,2383.0,1.5 acres,SOLD,Sold,False,False,False,https://photos.zillowstatic.com/fp/de1f67a05a0b2a4864c4a91d61722376-p_e.jpg,True,False,,False,/homedetails/222-Foxhall-Dr-Lexington-SC-29073/11235397_zpid/,RecentlySold,Unknown Listed By,False,False,False,"222 Foxhall Dr, Lexington, SC 29073",False,False,False,,33.895687,-81.22073,RECENTLY_SOLD,Sold 09/04/2020,11235397.0,222 Foxhall Dr,29073,Lexington,SC,33.895687,-81.22073,35000.0,1599202800000.0,0.0,0.0,2383.0,LOT,RECENTLY_SOLD,-1.0,False,False,2229.0,False,False,RECENTLY_SOLD,35000.0,True,False,False,USD,USA,35000.0,1.5,acres,False,,,,,,,,,,,,,,,1.5
11240574,7000.0,$7.0K,4.0,0.0,1404.0,1.09 acres,SOLD,Sold,False,False,False,https://photos.zillowstatic.com/fp/24524fe68af383816954911206934df6-p_e.jpg,True,False,,False,/homedetails/623-Longview-St-Lexington-SC-29073/11240574_zpid/,RecentlySold,Unknown Listed By,False,False,False,"623 Longview St, Lexington, SC 29073",False,False,False,,33.862705,-81.24559,RECENTLY_SOLD,Sold 09/03/2020,11240574.0,623 Longview St,29073,Lexington,SC,33.862705,-81.24559,7000.0,1599116400000.0,0.0,4.0,1404.0,LOT,RECENTLY_SOLD,-1.0,False,False,1639.0,False,False,RECENTLY_SOLD,7000.0,True,False,False,USD,USA,23100.0,1.0931129476584023,acres,False,,,,,,,,,,,,,,,1.09
299697629,315000.0,$315K,,0.0,,1.58 acres,SOLD,Sold,False,False,False,https://photos.zillowstatic.com/fp/0690a214bfc324b23d17d071c05bd47e-p_e.jpg,True,False,,False,/homedetails/1820-Shull-Ave-Gilbert-SC-29054/299697629_zpid/,RecentlySold,Unknown Listed By,False,False,False,"1820 Shull Ave, Gilbert, SC 29054",False,False,False,,34.053967,-81.35159,RECENTLY_SOLD,Sold 08/20/2020,299697629.0,1820 Shull Ave,29054,Gilbert,SC,34.053967,-81.35159,315000.0,1597906800000.0,0.0,,,LOT,RECENTLY_SOLD,-1.0,False,False,2161.0,False,False,RECENTLY_SOLD,315000.0,True,False,False,USD,USA,315000.0,1.5799816345270892,acres,False,,,341200.0,,,,,,,,,,,,1.58
50900888,14000.0,$14K,2.0,0.0,1344.0,2.56 acres,SOLD,Sold,False,False,False,https://photos.zillowstatic.com/fp/6e7fe4141110852e84a6bfb99e29f566-p_e.jpg,True,False,,False,/homedetails/151-Terra-Dr-Lexington-SC-29073/50900888_zpid/,RecentlySold,Unknown Listed By,False,False,False,"151 Terra Dr, Lexington, SC 29073",False,False,False,,33.84539,-81.22139,RECENTLY_SOLD,Sold 08/03/2020,50900888.0,151 Terra Dr,29073,Lexington,SC,33.84539,-81.22139,14000.0,1596438000000.0,0.0,2.0,1344.0,LOT,RECENTLY_SOLD,-1.0,False,False,1450.0,False,False,RECENTLY_SOLD,14000.0,True,False,False,USD,USA,25800.0,2.559986225895317,acres,False,,,48500.0,,,,,,,,,,,,2.56
144715781,205500.0,$206K,,,,3.83 acres,SOLD,Sold,False,False,False,https://photos.zillowstatic.com/fp/86fbe294b4b6f36494298f529187c448-p_e.jpg,True,False,,False,/homedetails/0-Priceville-Rd-Gilbert-SC-29054/144715781_zpid/,RecentlySold,Unknown Listed By,False,False,False,"0 Priceville Rd, Gilbert, SC 29054",False,False,False,,33.988937,-81.40886,RECENTLY_SOLD,Sold 07/31/2020,144715781.0,0 Priceville Rd,29054,Gilbert,SC,33.988937,-81.40886,205500.0,1596178800000.0,,,,LOT,RECENTLY_SOLD,-1.0,False,False,1197.0,False,False,FOR_SALE,155000.0,True,False,False,USD,USA,145000.0,3.8299999999999996,acres,False,,,195100.0,,,,,,,,,,7705091292.0,True,3.83
